"ID","Sort Name","Name1","Name2","Name3","Name4","Name5","Name6","Name7","Name8","Prof"
"pe000001","Abraham","Abraham",,,,,,,,
"pe000002","Adler","Friedrich Adler",,,,,,,,"adler_friedrich"
"pe000003","Adler","Guido Adler",,,," ",,,,"adler_guido"
"pe000004","Adler","Max Adler",,,,,,,,"adler_max"
"pe000005","Adler","Viktor Adler","Victor",,,,,,,"adler_victor"
"pe000006","Aibl","Josef Aibl",,,,,,,,
"pe000007","Albersheim","Gerhard Albersheim"," ",,,,,,,"albersheim_gerhard"
"pe000008","Albersheim","Josef Albersheim",,,,,,,,"albersheim_josef"
"pe000009","Albert","Albert I",,,,,,,,"albert_i"
"pe000010","Albin","Albin",,,,,,,,
"pe000011","Albrechtsberger","Johann Georg Albrechtsberger",,,,,,,,
"pe000012","Alter","Fräulein Alter",,,,,,,,
"pe000013","Altmann","Wilhelm Altmann"," ",,,,,,,"altmann_wilhelm"
"pe000014","Andriessen","Willem Andriessen",,,,,,,,
"pe000015","Anna","Frau Anna",,,,,,,,"anna_frau"
"pe000016","Antropp","Theodor Antropp",,,,,,,,"antropp_theodor"
"pe000017","Aronson","Aronson",,,,,,,,
"pe000018","Arthur","Arthur",,,,,,,,
"pe000019","Ascherberg","Edwin Ascherberg",,,,,,,,
"pe000020","Auber","Auber",,,,,,,,"auber"
"pe000021","Auslander","Frederick E. Auslander",,,,,,,,"auslander_frederick"
"pe000022","Austerlitz","Friedrich Austerlitz",,,,,,,,"austerlitz_friedrich"
"pe000023","Bach","Anna Magdalena Bach",,,,,,,,
"pe000024","Bach","Baronin Bach",,,,,,,,"bach_baronin"
"pe000025","Bach","Carl Philipp Emanuel Bach",,"Karl",,,,,,
"pe000026","Bach","Johann Christian Bach",,,,,,,,
"pe000027","Bach","Johann Sebastian Bach",,,,,,,,
"pe000028","Backhaus","Wilhelm Backhaus",,,,,,,,
"pe000029","Baensch","Otto Baensch",,,,,,,,
"pe000030","Baer","Baer",,,,,,,,
"pe000031","Bahr","Hermann Bahr",,,,,,,,"bahr_hermann"
"pe000032","Baker","Josephine Baker",,,,,,,,"baker_josephine"
"pe000033","Balassa","Ottilie von Balassa",,,,,,,,
"pe000034","Bamberger","Carl Bamberger",,,,,,,,"bamberger_carl"
"pe000035","Barbusse","Henri Barbusse",,,,,,,,
"pe000036","Bardas","Hofrat Bardas",,,,,,,,
"pe000037","Barrès","Maurice Barrès",,,,,,,,
"pe000038","Barth","Karl Heinrich Barth",,,,,,,,
"pe000039","Bartholomey","Bartholomey",,,,,,,,
"pe000040","Basch","Victor Basch",,,,,,,,
"pe000041","Batka","Richard Batka",,,,,,,,"batka_richard"
"pe000042","Baudrexel","Dolfi Baudrexel","Dolfy Baudrexel",,,,,,,"baudrexel_dolfi"
"pe000043","Baudrexel","Frau Baudrexel",,,,,,,,"baudrexel_frau"
"pe000044","Baudrexel","Herr Baudrexel",,,,,,,,"baudrexel_herr"
"pe000045","Bauer","M. Bauer",,,,,,,,
"pe000046","Bauer","Otto Bauer",,,,,,,,
"pe000047","Baumayer","Marie Baumayer",,,,,,,,"baumayer"
"pe000048","Baumgarten","Theodor Baumgarten","Dr. Baumgarten",,,,,,,
"pe000049","Becker","Agnes Becker",,,,,,,,
"pe000050","Bednař","Albin Bednař",,,,,,,,"bednai_albin"
"pe000972","Bednař","Albin Bednař (snr)",,,,,,,,"bednai_albin_snr"
"pe000973","Bednař","Heini Bednař",,,,,,,,"bednai_heini"
"pe000051","Bednař","Jetty Bednař","Frau Bednař",,,,,,,"bednai_frau"
"pe000052","Bednař","Ludwig Bednař","Leutnant Bednař",,,,,,,"bednai_ludwig"
"pe000053","Beethoven","Ludwig van Beethoven",,,,,,,,"beethoven"
"pe000054","Begas","Reinhold Begas",,,,,,,,
"pe000055","Bekker","Paul Bekker",,,,,,,,"bekker_paul"
"pe000056","Bella","Rudolf Bella",,,,,,,,"bella_rudolf"
"pe000974","Bellermann","Heinrich Bellermann",,,,,,,,"bellermann_heinrich"
"pe000057","Benedikt","Moriz Benedikt",,,,,,,,"benedikt_moriz"
"pe000058","Berg","Alban Berg",,,,,,,,
"pe000059","Berger","Alfred von Berger",,,,,,,,
"pe000060","Bergson","Henri Bergson",,,,,,,,
"pe000061","Berlioz","Hector Berlioz",,,,,,,,
"pe000975","Bernhardi","Friedrich Bernhardi",,,,,,,,"bernhardi_friedrich"
"pe000062","Bernstein","Eduard Bernstein",,,,,,,,
"pe000063","Berrsche","Alexander Berrsche",,,,,,,,
"pe000064","Bertram","Dr. Ernst",,,,,,,,
"pe000065","Bertram","Georg Bertram",,,,,,,,
"pe000066","Beyschlag","Adolf Beyschlag","Adolph",,,,,,,
"pe000067","Biederemann-Rieter","Jakob Melchior Biederemann-Rieter",,,,,,,,
"pe000068","Bienenfeld","Elsa Bienenfeld",,,,,,,,"bienenfeld_elsa"
"pe000069","Bier","Herr Bier",,,,,,,,
"pe000070","Bischoff","Hermann Bischoff",,,,,,,,"bischoff_hans"
"pe000071","Bismarck","Bismarck",,,,,,,,
"pe000976","Bittner","Julius Bittner",,,,,,,,"bittner_julius"
"pe000072","Blaschik","A. J. Blaschik",,,,,,,,
"pe000073","Blei","Franz Blei",,,,,,,,"blei_franz"
"pe000074","Bloch","Fräulein Bloch",,,,,,,,
"pe000075","Bloch","Richard Bloch",,,,,,,,"bloch_richard"
"pe000076","Blum","Frau Blum",,,,,,,,
"pe000077","Blum","Herr Blum",,,,,,,,"blum"
"pe000078","Blumauer","Blumauer",,,,,,,,"blumauer"
"pe000079","Blumenthal","Blumenthal",,,,,,,,
"pe000080","Bockelmann","Rudolf Bockelmann","Rudolph",,,,,,,
"pe000081","Bocklet","Professor Boklet",,,,,,,,
"pe000082","Bohm","Bohm",,,,,,,,"bohm"
"pe000083","Bonsels","Waldemaar Bonsels",,,,,,,,
"pe000084","Bopp","Wilhelm Bopp",,,,,,,,"bopp_wilhelm"
"pe000085","Bösendorfer","Ludwig Bösendorfer",,,,,,,,"bosendorfer_ludwig"
"pe000086","Bosse","Gustav Bosse",,,,,,,,
"pe000087","Botstiber","Hugo Botstiber",,,,,,,,"botstiber_hugo"
"pe000088","Boys","Fräulein Boys",,,,,,,,
"pe000089","Brahms","Johannes Brahms",,,,,,,,
"pe000090","Brandts-Buys","Jan Willem Franz Brandts-Buys",,,,,,,,
"pe000091","Braun","Frau Dr. Braun",,,,,,,,
"pe000092","Breisach","Herr Breisach",,,,,,,,"breisach_herr"
"pe000093","Breisach","Paul Breisach",,,,,,,,"breisach_paul"
"pe000094","Breithaupt","Rudolf Maria Breithaupt",,,,,,,,
"pe000095","Brentano","Lujo Brentano","Ludwig Joseph Brentano",,,,,,,"brentano_lujo"
"pe000096","Briand","Aristide Briand",,,,,,,,
"pe000097","Broder","Nathan Broder",,,,,,,,"broder_nathan"
"pe000098","Bruck","Hedwig Bruck",,,,,,,,
"pe000099","Bruckner","Anton Bruckner",,,,,,,,
"pe000100","Brüll","Ignaz Brüll",,,,,,,,
"pe000101","Brünauer","Frau Brünauer","Mama Brünauer",,,,,,,"brunauer_frau"
"pe000102","Brünauer","Robert Brünauer","Dr. Brün.",,,,,,,"brunauer_robert"
"pe000103","Bruyck","Carl Debrois van Bruyck",,,,,,,,
"pe000104","Buber","Martin Buber",,,,,,,,
"pe000105","Bülow","Hans von Bülow",,,,,,,,"bulow_hans_von"
"pe000106","Bunzl","Bunzl",,,,,,,,
"pe000107","Burian","Stefan Burian",,,,,,,,"burian_stefan"
"pe000108","Burkhardt","Max Burkhardt","Burckhard","Burckhardt",,,,,,"burkhardt_max"
"pe000109","Busch","Fritz Busch",,,,,,,,
"pe000110","Busch","Wilhelm Busch",,,,,,,,"busch_wilhelm"
"pe000111","Busoni","Ferruccio Busoni",,,,,,,,"busoni_ferruccio"
"pe000112","Busoni","Gerda Busoni",,,,,,,,
"pe000113","Bussler","Ludwig Bußler","Ludwig Bussler",,,,,,,"bussler_ludwig"
"pe000114","Buxbaum","Friedrich Buxbaum","Buchsbaum",,,,,,,
"pe000115","Cailleux","André Cailleux",,,,,,,,
"pe000116","Cammerlander","Cammerlander","Camerlander",,,,,,,"cammerlander"
"pe000117","Carre","Teresa Carre",,,,,,,,
"pe000118","Casals","Pablo Casals",,,,,,,,
"pe000119","Cauchie","Maurice Cauchie",,,,,,,,"cauchie_maurice"
"pe000120","Cecil","Robert Cecil","Lord Robert Cecil","Edgar Algernon Robert Gascoyne-Cecil","Viscount Cecil",,,,,
"pe000121","Cézanne","Paul Cézanne",,,,,,,,"cezanne_paul"
"pe000122","Chamberlain","Houston Stewart Chamberlain",,,,,,,,"chamberlain_houston"
"pe000123","Chesterton","G. K. Chesterton",,,,,,,,
"pe000124","Chopin","Frederic Chopin","Fryderyk","Fryderyk Franciszek","Frédéric",,,,,
"pe000125","Chrysander","Friedrich Chrysander",,,,,,,,
"pe000126","Citkowitz","Israel Citkowitz",,,,,,,,"citkowitz_israel"
"pe000127","Claudel","Paul Claudel",,,,,,,,
"pe000128","Clauswitz","Käthe Clauswitz",,,,,,,,"clauswitz_kathe"
"pe000129","Clémenceau","Georges Clémenceau",,,,,,,,"clemenceau_georges"
"pe000130","Clementi","Muzio Clementi",,,,,,,,
"pe000131","Colbert","Carl Colbert","Herr Colbert",,,,,,,"colbert_carl"
"pe000132","Colbert","Toni Colbert","Frau Colbert","Tony",,,,,,"colbert_family"
"pe000133","Conne","Paul de Conne","Professor Paul de Conne",,,,,,,"conne_paul_de"
"pe000134","Copernicus","Copernicus",,,,,,,,
"pe000135","Corelli","Arcangello Corelli",,,,,,,,
"pe000136","Couperin","François Couperin",,,,,,,,
"pe000137","Csillag-Stern","Hermann Csillag-Stern",,,,,,,,
"pe000138","Cube","Felix-Eberhard von Cube",,,,,,,,"cube_felixeberhard_v"
"pe000139","Cube","Gustav von Cube",,,,,,,,
"pe000140","Culp","Julia Culp",,,,,,,,
"pe000141","Curtius","O. E. Curtius",,,,,,,,
"pe000142","Czernin","Czernin","Ottokar Czernin of Chudenitz",,,,,,,"czernin"
"pe000143","Czerny","Carl Czerny","Karl Czerny",,,,,,,
"pe000144","Dahms","Walter Dahms",,,,,,,,"dahms_walter"
"pe000145","d'Albert","Eugen d'Albert",,,,,,,,"dalbert_eugen"
"pe000146","d'Albert","Hermine d'Albert",,,,,,,,
"pe000147","Dalcroze","Emil-Jacques Dalcroze","Jacques Dalcroze",,,,,,,
"pe000148","d'Andrade","Francesco D'Andrade",,,,,,,,
"pe000149","Darine","Darine",,,,,,,,
"pe000150","Davydoff","Sonja Davydoff","Davidoff","Davidov","Davydov","Sonya",,,,"davydoff_sonja"
"pe000151","Debussy","Claude Achille Debussy",,,,,,,,
"pe000152","Decker","Karl Decker",,,,,,,,
"pe000153","Decsey","Ernst Decsey",,,,,,,,"decsey_ernst"
"pe000154","Deetjen","Gottfried Deetjen",,,,,,,,
"pe000155","Dehmel","Richard Dehmel",,,,,,,,
"pe000156","DeLange","Daniel DeLange","Daniel de Lange",,,,,,,
"pe000157","Delitzsch","Professor Delitzsch",,,,,,,,
"pe000158","Deutsch","Hanna Deutsch",,,,,,,,
"pe000159","Deutsch","Otto Erich Deutsch",,,,,,,,"deutsch_otto_erich"
"pe000160","Deutsch","Sofie Deutsch","Sophie","Frau Deutsch",,,,,,"deutsch_sofie"
"pe000161","Dewanger","Anton Dewanger",,,,,,,,
"pe000162","Diederichs","Eugen Diederichs",,,,,,,,
"pe000163","d'Indy","Vincent d'Indy",,,,,,,,
"pe000164","Dohnanyi","Ernö Dohnányi",,,,,,,,
"pe000165","Dohnen","Georg Dohnen",,,,,,,,
"pe000166","Dommer","Arrey von Dommer",,,,,,,,"dommer_arrey_von"
"pe000167","Door","Anton Door",,,,,,,,"door_anton"
"pe000168","Door","Julius Door",,,,,,,,
"pe000169","Dreyfus","Alfred Dreyfus",,,,,,,,"dreyfus_alfred"
"pe000170","Droucker","Sandra Droucker",,,,,,,,
"pe000171","Dub","Dr. Dub",,,,,,,,
"pe000172","Dunn","Aline Petrie Dunn",,,,,,,,
"pe000173","Dunn","John Petrie Dunn",,,,,,,,"dunn_john_petrie"
"pe000174","Düntzer","Heinrich Düntzer",,,,,,,,
"pe000175","Dusa","Eleanora Dusa",,,,,,,,
"pe000176","Dvořák","Antonín Dvořák","Antonin Dvořák","Dvorak",,,,,,
"pe000177","Eberle","Joseph Eberle","Josef Eberle",,,,,,,
"pe000178","Ebert","Friedrich Ebert",,,,,,,,"ebert_friedrich"
"pe000179","Eckermann","Johann Peter Eckermann",,,,,,,,
"pe000180","Eckstein","Friedrich Eckstein",,,,,,,,
"pe000181","Effenberger","Hans Effenberger",,,,,,,,"effenberger_hans"
"pe000182","Ehrlich","Ehrlich","Professor Dr. Ehrlich",,,,,,,"ehrlich"
"pe000183","Ehrmann","Alfred von Ehrmann",,,,,,,,
"pe000184","Eibenschütz","Flora Eibenschütz",,,,,,,,
"pe000185","Eichendorff","Joseph von Eichendorff","Joseph Karl Benedikt Freiherr von Eichendorff",,,,,,,
"pe000186","Eichhorn","Hermann Eichhorn",,,,,,,,"eichhorn_hermann"
"pe000187","Einschenk","Franz Einschenk","Onkel Einchsenk",,,,,,,
"pe000188","Einschenk","Tante Einschenk",,,,,,,,
"pe000189","Einstein","Albert Einstein",,,,,,,,
"pe000190","Einstein","Alfred Einstein",,,,,,,,"einstein_alfred"
"pe000191","Eisner","Bruno Eisner",,,,,,,,
"pe000192","Eissler","Berta Eissler",,,,,,,,
"pe000193","Eissler","Hugo Eissler",,,,,,,,
"pe000194","Eissler","Jenny Eissler","Frau Jenny Eissler",,,,,,,
"pe000195","Elgar","Edward Elgar",,,,,,,,
"pe000196","Elias","Angi Elias","Angelika","Fräulein Elias",,,,,,"elias_angelika"
"pe000197","Elias","Frau Elias",,,,,,,,"elias_frau"
"pe000198","Elias","Manolo Elias",,,,,,,,
"pe000199","Elkus","Elkus",,,,,,,,
"pe000200","Emerson","Ralph Waldo Emerson",,,,,,,,
"pe000201","Engel","Eduard Engel",,,,,,,,"eduard_engel"
"pe000202","Engelhardt","Walter Engelhardt",,,,,,,,
"pe000203","Engels","Carl Engels",,,,,,,,
"pe000204","Engelsmann","Walter Engelsmann",,,,,,,,
"pe000205","Epstein","Julius Epstein",,,,,,,,"epstein_julius"
"pe000206","Epstein","Richard Epstein",,,,,,,,"epstein_richard"
"pe000207","Erk","Ludwig Christian Erk",,,,,,,,"erk_ludwig_c"
"pe000208","Ernst","Ernst",,,,,,,,"ernst"
"pe000209","Ernst","Paul Ernst",,,,,,,,
"pe000210","Erpf","Hermann Erpf",,,,,,,,
"pe000211","Escherich","Gita von Escherich",,,,,,,,"escherich_gita"
"pe000212","Escherich","Kitty von Escherich",,,,,,,,"escherich_kitty"
"pe000213","Expert","Henry Expert","Henri",,,,,,,"expert_henry"
"pe000214","Faulhaber","Michael Cardinal von Faulhaber",,,,,,,,
"pe000215","Felix","Felix",,,,,,,,
"pe000216","Fendi","Peter Fendi",,,,,,,,"fendi_peter"
"pe000217","Fiedler","Conrad Fiedler",,,,,,,,
"pe000218","Figdor","Frau Figdor",,,,,,,,"figdor_frau"
"pe000219","Figdor","Richard Figdor",,,,,,,,"figdor_richard"
"pe000220","Fischel","Fischel",,,,,,,,
"pe000221","Fischer","Edwin Fischer",,,,,,,,"fischer_edwin"
"pe000222","Fischer","Emma Fischer","Baronesse Emma Fischer","Baronesse Fischer",,,,,,"fischer_emma"
"pe000223","Fischer","Jakob Fischer",,,,,,,,"fischer_jakob"
"pe000224","Fischer","Kuno Fischer",,,,,,,,
"pe000225","Fischer","Wilhelm Fischer",,,,,,,,
"pe000226","Fischmann","Leo Fischmann",,,,,,,,"fischmann_leo"
"pe000227","Flandrak","Hedy Flandrak",,,,,,,,
"pe000228","Flesch","Carl Flesch",,,,,,,,"flesch_carl"
"pe000229","Floh","Floh",,,,,,,,"floh"
"pe000977","Foch","Ferdinand Foch","Maréchal Foch","Marshall Foch",,,,,,"foch_ferdinand"
"pe000230","Fock","Dirk Fock",,,,,,,,
"pe000231","Foerster","Friedrich Wilhelm Foerster",,,,,,,,"foerster_friedrich_w"
"pe000232","Foerster","Josef Bohuslav Foerster","Förster",,,,,,,"foerster_josef_bohus"
"pe000233","Foll","Ferdinand Foll",,,,,,,,
"pe000234","Foll","Leo Foll",,,,,,,,
"pe000235","Forberg","Otto Forberg",,,,,,,,
"pe000236","Forberg","Robert Forberg",,,,,,,,
"pe000237","Forkel","Johann Nikolaus Forkel",,,,,,,,"forkel_johann"
"pe000238","France","Anatole France",,,,,,,,
"pe000239","Frankel","Professor Frankel",,,,,,,,"frankel_professor"
"pe000240","Franz","Leo Franz",,,,,,,,
"pe000241","Frauscher","Moriz Frauscher",,,,,,,,
"pe000242","Freistadt","Herr Freistadt",,,,,,,,
"pe000978","Frenssen","Gustav Frenssen",,,,,,,,"frenssen_gustav"
"pe000243","Freund","Fräulein Freund",,,,,,,,"freund_fraulein"
"pe000244","Fried","Anna Fried",,,,,,,,
"pe000245","Fried","Frau Fried",,,,,,,,"fried_frau"
"pe000246","Fried","Fräulein Fried",,,,,,,,"fried_fraulein"
"pe000247","Friedjung","Heinrich Friedjung",,,,,,,,
"pe000248","Friedländer","Max Friedländer",,,,,,,,"friedlander_max"
"pe000249","Friedman","Ignacy Friedman","Ignaz",,,,,,,"friedman_ignacy"
"pe000250","Friedmann","Hugo Friedmann",,,,,,,,"friedmann_dr_hugo"
"pe000251","Frimmel","Fanny von Frimmel",,,,,,,,
"pe000252","Frimmel","Theodor Frimmel","Theodor von Frimmel","Dr. Frimmel",,,,,,"frimmel_theodor"
"pe000253","Fritsch","Ernst Wilhelm Fritsch",,,,,,,,
"pe000254","Fromm-Michaels","Fromm-Michaels",,,,,,,,
"pe000255","Frotzler","Carl Frotzler",,,,,,,,
"pe000256","Frühmann","Dr. Frühmann",,,,,,,,"fruhmann_dr"
"pe000257","Fuchs","A. Fuchs",,,,,,,,
"pe000258","Fuchs","Robert Fuchs","Fux",,,,,,,
"pe000259","Füger","Heinrich Füger","Heinrich F. Füger",,,,,,,"fuger_heinrich"
"pe000260","Fulda","Ludwig Fulda","Ludwig Anton Salomon",,,,,,,
"pe000261","Furtwängler","Wilhelm Furtwängler",,,,,,,,"furtwangler_wilhelm"
"pe000979","Fux","Johann Joseph Fux","Fuchs",,,,,,,"fux_johann_joseph"
"pe000262","Galle","Max Galle",,,,,,,,
"pe000263","Galston","Gottfried Galston",,,,,,,,"galston_gottfried"
"pe000264","Galsworthy","John Galsworthy",,,,,,,,
"pe000265","Gänsbacher","Josef Gänsbacher",,,,,,,,"gansbacher_josef"
"pe000266","Gärtner","Eduard Gärtner",,,,,,,,"gartner_eduard"
"pe000267","Gärtner","Emil Gärtner",,,,,,,,"gartner_emil"
"pe000268","Gärtner","Hans Gärtner","Leutnant Gärtner",,,,,,,
"pe000269","Gärtner","Poldi Gärtner","Leopoldine Gärtner",,,,,,,"gartner_frau"
"pe000270","Gassner","Gassner",,,,,,,,"gassner"
"pe000271","Geck","Geck",,,,,,,,
"pe000272","Geiringer","Karl Geiringer",,,,,,,,"geiringer_karl"
"pe000273","Gelber","Adolph Gelber","Adolf",,,,,,,
"pe000274","Gergeley","Gergeley",,,,,,,,
"pe000275","Gerstberger","Karl Gerstberger",,,,,,,,
"pe000276","Gevaert","François-Auguste Gevaert","Gevaërt",,,,,,,
"pe000277","Gieseking","Walter Gieseking",,,,,,,,
"pe000278","Girardi","Alexander Girardi",,,,,,,,"girardi_alexander"
"pe000279","Glas","A. Glas",,,,,,,,
"pe000280","Glässner","Dr. Glässner","Gläßner",,,,,,,"glassner_dr"
"pe000281","Glattauer","Glattauer",,,,,,,,"glattauer"
"pe000282","Glattauer","Moriz Glattauer",,,,,,,,
"pe000283","Gluck","Christoph Willibald Gluck",,,,,,,,
"pe000284","Gobineau","Arthur Gobineau","Joseph Arthur Comte de Gobineau",,,,,,,"gobineau_arthur"
"pe000285","Godowsky","Leopold Godowsky",,,,,,,,"godowsky_leopold"
"pe000286","Goethe","Johann Wolfgang von Goethe","Göthe",,,,,,,
"pe000287","Gogol","Nikolai W. Gogol",,,,,,,,
"pe000288","Goldbaum","Wilhelm Goldbaum","Dr. Goldbaum",,,,,,,"goldbaum_wilhelm"
"pe000289","Goldberg","Simon Goldberg",,,,,,,,
"pe000290","Göllerich","August Göllerich",,,,,,,,"gollerich_august"
"pe000291","Goos","Goos",,,,,,,,
"pe000292","Grabner","Hermann Grabner",,,,,,,,
"pe000293","Graedener","Hermann Graedener","Grädener",,,,,,,"graedener_hermann"
"pe000294","Graener","Paul Graener",,,,,,,,"graener_paul"
"pe000295","Graf","Max Graf",,,,,,,,"graf_max"
"pe000296","Grafenberg","Grafenberg",,,,,,,,
"pe000297","Gräser","Wolfgang Gräser",,,,,,,,
"pe000298","Grillparzer","Franz Grillparzer",,,,,,,,
"pe000299","Gross","Max Gross","Groß",,,,,,,
"pe000300","Grossmann","Stefan Grossmann","Großmann",,,,,,,
"pe000301","Grosz","Carl Grosz",,,,,,,,
"pe000302","Grünfeld","Alfred Grünfeld",,,,,,,,"grunfeld_alfred"
"pe000303","Grunsky","Karl Grunsky",,,,,,,,"grunsky_karl"
"pe000304","Gurlitt","Wilibald Gurlitt",,,,,,,,"gurlitt_wilibald"
"pe000305","Güthers","Herr Güthers",,,,,,,,
"pe000306","Gutherz","Frau Gutherz",,,,,,,,
"pe000307","Guttmann","Frieda Guttmann","Friedl Guttmann","Friedl Gutmann",,,,,,"guttmann_frieda_daug"
"pe000308","Guttmann","Hans Guttmann","Gutmann",,,,,,,"guttmann_hans"
"pe000309","Guttmann","Julian Guttmann","Julko","Julko Gutmann","Julian Gutmann",,,,,"guttmann_julian_julk"
"pe000310","Guttmann","Salomon Guttmann","Salo Guttmann","Dr. Salomon Guttmann","Dr. Salo Guttmann","Salomon Gutmann","Salo Gutmann",,,"guttmann_salo_dr_hus"
"pe000311","Guttmann","Sophie Guttmann","Frau Dr. Gutmann","Sophie Gutmann","Schifre Schenker",,,,,"guttmann_sophie_nee"
"pe000312","Haas","Robert Haas",,,,,,,,"haas_robert"
"pe000313","Hahn","Harry Hahn",,,,,,,,
"pe000314","Hähnl","Hähnl",,,,,,,,
"pe000315","Hahofer","Hahofer",,,,,,,,"hahofer"
"pe000316","Halberstam","Julius Halberstam",,,,,,,,
"pe000317","Haldane","Richard Burton Haldane",,,,,,,,"haldane_richard"
"pe000318","Halm","August Halm",,,,,,,,"halm_august"
"pe000319","Hammer","Viktor Hammer","Victor Hammer",,,,,,,"hammer_viktor"
"pe000320","Hammerschlag","Paul Hammerschlag",,,,,,,,
"pe000321","Händel","Georg Friederich Händel","Handel","Georg Frideric Handel",,,,,,
"pe000322","Hansen","Conrad Hansen",,,,,,,,
"pe000323","Hanslick","Eduard Hanslick",,,,,,,,"hanslick_eduard"
"pe000324","Harburger","Walter Harburger",,,,,,,,
"pe000325","Harden","Maximilian Harden",,,,,,,,
"pe000326","Harding","Warren G. Harding",,,,,,,,
"pe000327","Harnack","Adolf Harnack",,,,,,,,"harnack_adolf"
"pe000328","Harpner","Dr. Harpner",,,,,,,,"harpner_dr"
"pe000329","Hartmann","Ludo Hartmann",,"Ludwig Moritz Hartmann",,,,,,
"pe000330","Hass","Julius Hass",,,,,,,,"hass_julius"
"pe000331","Hatschek","Oskar Hatschek",,,,,,,,
"pe000332","Hauptmann","Gerhart Hauptmann",,,,,,,,
"pe000333","Hausegger","Siegmund von Hausegger","Sigmund",,,,,,,"hausegger_siegmund_v"
"pe000334","Hausenstein","Wilhelm Hausenstein",,,,,,,,
"pe000335","Hauser","Friederike Hauser","Frau Hauser",,,,,,,"hauser_friederike"
"pe000336","Haydn","Franz Josef Haydn","Joseph",,,,,,,
"pe000337","Heck","V. A. Heck",,,,,,,,
"pe000339","Hegel","Friedrich Wilhelm Hegel",,,,,,,,
"pe000340","Heidrich","Heidrich",,,,,,,,
"pe000341","Heine","Heinrich Heine",,,,,,,,
"pe000342","Heini","Heini",,,,,,,,
"pe000343","Heinsheimer","Hans Heinsheimer",,,,,,,,
"pe000344","Heller","Hugo Heller",,,,,,,,"heller_hugo"
"pe000345","Hellmesberger","Josef Hellmesberger",,,,,,,,
"pe000346","Hentz","Matthäus Hentz",,,,,,,,
"pe000347","Heriot","Edouard Heriot",,,,,,,,
"pe000348","Hertling","Georg von Hertling",,,,,,,,"hertling_georg_von"
"pe000349","Hertzka","Emil Hertzka","Direktor Hertzka","Herr Direktor",,,,,,"hertzka_emil"
"pe000980","Hertzka","Jella Hertzka","Yella Hertzka",,,,,,,"hertzka_jella"
"pe000350","Herzfeld","V. von Herzfeld",,,,,,,,
"pe000351","Herzmansky","Bernhard Herzmansky",,,,,,,,
"pe000352","Herzog","Herzog",,,,,,,,
"pe000353","Hesse","Else Hesse",,,,,,,,"hesse_else"
"pe000354","Hesse","Max Hesse",,,,,,,,
"pe000355","Heuberger","Richard Heuberger",,,,,,,,"heuberger_richard"
"pe000356","Heuss","Alfred Heuss","Alfred Valentin Heuss","Heuß",,,,,,"heuss_alfred"
"pe000357","Hey","Otti Hey",,,,,,,,"hey_otti"
"pe000358","Heydusek","A. Heydusek",,,,,,,,
"pe000359","Hey-Roth","Hey-Roth","Frau Hey-Roth",,,,,,,
"pe000360","Hildebrand","Adolf von Hildebrand","Adolph",,,,,,,
"pe000361","Hillel","Rabbi Hillel",,,,,,,,
"pe000362","Hilsenrad","Dr. Hilsenrad","Hilsenrat",,,,,,,"hilsenrad_dr"
"pe000363","Hilsner","Leopold Hilsner",,,,,,,,"hilsner_leopold"
"pe000364","Hinckelmann","Otto Hinckelmann",,,,,,,,
"pe000365","Hindemith","Paul Hindemith",,,,,,,,
"pe000366","Hindenburg","Paul von Hindenburg",,,,,,,,"hindenburg_paul_von"
"pe000367","Hinterberger","Heinrich Hinterberger",,,,,,,,
"pe000368","Hirsch","Baron Hirsch",,,,,,,,
"pe000369","Hirsch","Paul Hirsch",,,,,,,,"hirsch_paul"
"pe000370","Hirschfeld","Robert Hirschfeld","Dr. Rb. Hirschf.",,,,,,,"hirschfeld_robert"
"pe000371","Hirschl","D. Hirschl",,,,,,,,
"pe000372","Hoboken","Anthony van Hoboken",,,,,,,,"hoboken_anthony_van"
"pe000373","Hoesslin","Franz von Hoesslin",,,,,,,,
"pe000374","Hofer","Fräulein Hofer",,,,,,,,"hofer_fraulein"
"pe000375","Hofmann","Josef Casimir Hofmann",,,,,,,,"hofmann_josef_casimir"
"pe000376","Hofmann","Josef Hofmann",,,,,,,,"hofmann_josef"
"pe000377","Hofmannsthal","Hugo von Hofmannsthal",,,,,,,,
"pe000338","Hofmeier","Frau Hofmeier",,,,,,,,
"pe000378","Hofmüller","Hofmüller",,,,,,,,
"pe000379","Hölderlin","Friedrich Hölderlin",,,,,,,,
"pe000380","Holmokl","Professor Holmokl",,,,,,,,"holmokl_professor"
"pe000381","Holstein","Frau von Holstein",,,,,,,,
"pe000382","Horm","Camillo Horn",,,,,,,,"horn_camillo"
"pe000383","Hötzendorf","Conrad von Hötzendorf","Franz Conrad von Hötzendorf",,,,,,,"hotzendorf_franz"
"pe000384","Huberman","Bronislaw Huberman","Bronislaw Hubermann",,,,,,,"huberman_bronislaw"
"pe000385","Hübsch","Dr. Hübsch",,,,,,,,"hubsch_dr"
"pe000386","Hüglauer","Hüglauer",,,,,,,,
"pe000387","Hugo","Victor Hugo",,,,,,,,
"pe000388","Humperdinck","Engelbert Humperdinck",,,,,,,,
"pe000389","Hunderisser","Franziska Hunderisser",,,,,,,,
"pe000390","Hupka","Felix Hupka",,,,,,,,"hupka_felix"
"pe000391","Hupka","Richard Hupka",,,,,,,,
"pe000392","Ibsen","Henrik Ibsen",,,,,,,,
"pe000393","Jauk","Herr Jauk",,,,,,,,
"pe000394","Jean Paul","Jean Paul Richter",,,,,,,,"jean_paul"
"pe000395","Joachim","Joseph Joachim","Josef Joachim",,,,,,,"joachim_joseph"
"pe000396","Jöde","Fritz Jöde","Jöhde",,,,,,,"jode_fritz"
"pe000397","Jodl","Friedrich Jodl",,,,,,,,
"pe000398","Jodl","Margarete Jodl",,,,,,,,
"pe000399","Johann","Johann ",,,,,,,,"johann"
"pe000400","Jokl","Ernst Jokl",,,,,,,,
"pe000401","Jolles","Margarita Jolles",,,,,,,,
"pe000402","Jonas","Frieda Jonas",,,,,,,,
"pe000403","Jonas","Oswald Jonas",,,,,,,,"jonas_oswald"
"pe000404","Joseph II","Joseph II","Kaiser Joseph II",,,,,,,
"pe000405","Kaff","Frau Kaff",,,,,,,,"kaff_frau"
"pe000406","Kaff","Trude Kaff",,,,,,,,"kaff_trude"
"pe000407","Kahn","Marianne Kahn","Fräulein Kahn",,,,,,,"kahn_marianne"
"pe000408","Kalbec","Georg Kalbec",,,,,,,,
"pe000409","Kalbeck","Max Kalbeck",,,,,,,,"kalbeck_max"
"pe000410","Kallmeyer","G. Kallmeyer",,,,,,,,
"pe000411","Kalmus","Alfred Kalmus",,,,,,,,"kalmus_alfred"
"pe000412","Kant","Immanuel Kant",,,,,,,,
"pe000413","Kaposy","Frau Kaposy",,"Frau Kaposi",,,,,,"kaposy_frau"
"pe000414","Karl I","Karl I","Kaiser Karl I",,,,,,,"karl_i_kaiser"
"pe000415","Karpath","Ludwig Karpath","r.p.","r. p.",,,,,,"karpath_ludwig"
"pe000416","Kastner","Rudolf Kastner","Rudoph",,,,,,,
"pe000417","Katina","Herr Katina",,,,,,,,
"pe000418","Kaufmann","Theodor Kaufmann",,,,,,,,
"pe000419","Kautsky","Karl Kautsky",,,,,,,,
"pe000420","Keller","Gottfried Keller",,,,,,,,
"pe000421","Kerensky","Alexander Kerensky",,,,,,,,
"pe000422","Kestenberg","Leo Kestenberg",,,,,,,,"kestenberg_leo"
"pe000423","Kienzl","Wilhelm Kienzl",,,,,,,,
"pe000424","Kiesling","Emmy Kiesling",,,,,,,,"kiesling_emmy"
"pe000425","Kilpinen","Yrö Kilpinen ",,,,,,,,
"pe000426","Kinsky","Georg Kinsky",,,,,,,,"kinsky_georg"
"pe000427","Kirnberger","Johann P. Kirnberger",,,,,,,,
"pe000428","Klammerth","Klammerth (jnr)",,,,,,,,"klammerth_jnr"
"pe000429","Klammerth","Klammerth (snr)",,,,,,,,"klammerth_snr"
"pe000430","Klärmann","Fräulein Klärmann",,,,,,,,
"pe000431","Kleiber","Erich Kleiber",,,,,,,,"kleiber_erich"
"pe000432","Klein","Fritz Klein",,,,,,,,
"pe000433","Klemperer","Otto Klemperer",,,,,,,,"klemperer_otto"
"pe000434","Klenau","Paul von Klenau",,,,,,,,
"pe000435","Klett","Ernst Klett",,,,,,,,
"pe000436","Klindworth","Karl Klindworth","Carl Klindworth",,,,,,,"klindworth_karl"
"pe000437","Klobassa","Carl von Klobassa","Karl",,,,,,,
"pe000438","Klose","Friedrich Klose",,,,,,,,"klose_friedrich"
"pe000439","Klumak","Frau Klumak",,,,,,,,
"pe000440","Klumak","Herr Klumak","Klumaks",,,,,,,
"pe000441","Knepler","Hugo Knepler","Klumaks",,,,,,,
"pe000442","Knickenberg","Friedrich Adolph Knickenberg",,,,,,,,
"pe000443","Knorr","Iwan Knorr",,,,,,,,"knorr_iwan"
"pe000991","Koch","Friedrich Ernst Koch",,,,,,,,"koch_friedrich_ernst"
"pe000444","Koch","Louis Koch","Juwelier Koch",,,,,,,"koch_louis"
"pe000445","Kogan","Fräulein Kogan",,,,,,,,"kogan_fraulein"
"pe000446","Kohn","Bernhard Kohn",,,,,,,,
"pe000447","Kolischer","Frau Kolischer",,,,,,,,"kolischer_frau"
"pe000448","Kolischer","Fräulein Kolischer",,,,,,,,"kolischer_fraulein"
"pe000449","Koller","O. Koller",,,,,,,,
"pe000450","Komorn","Maria Komorn",,,,,,,,
"pe000451","Konegen","Karl Konegen",,,,,,,,
"pe000452","König","Frau König",,,,,,,,"konig_frau"
"pe000453","König","Fräulein König","Koenig","A. Koenig","A. König",,,,,"konig_frl"
"pe000454","Kopfermann","Albert Kopfermann",,,,,,,,"kopfermann_albert"
"pe000455","Körner","Christian Gottfried Körner",,,,,,,,"korner_christian"
"pe000456","Kornfeld","Emil Kornfeld","Kfld.","Kfd.",,,,,,"kornfeld_emil"
"pe000457","Kornfeld","Erich Kornfeld",,,,,,,,"kornfeld_erich"
"pe000458","Kornfeld","Felix Kornfeld",,,,,,,,"kornfeld_felix"
"pe000459","Kornfeld","Tomás Kornfeld","Thomas Kornfeld","Tommy Kornfeld",,,,,,"kornfeld_tomas"
"pe000460","Korngold","Erich Wolfgang Korngold",,,,,,,,
"pe000461","Korngold","Julius Korngold",,,,,,,,"korngold_julius"
"pe000462","Kozeluch","Leopold Kozeluch",,,,,,,,
"pe000463","Kral","Trude Kral",,,,,,,,
"pe000464","Kralik","Richard von Kralik",,,,,,,,"kralik_richard_von"
"pe000465","Krasny","Emil Krasny",,,,,,,,
"pe000466","Kraus","Ernst Kraus","Krauss",,,,,,,
"pe000467","Kraus","Karl Kraus",,,,,,,,"kraus_karl"
"pe000468","Krause","Carl Krause","Karl",,,,,,,"krause_carl"
"pe000469","Krebs","Carl Krebs","Karl",,,,,,,
"pe000470","Krebs","E. Krebs",,,,,,,,
"pe000471","Krehl","Stephan Krehl","Stefan Krehl",,,,,,,
"pe000981","Krenek","Ernst Krenek","Křenek",,,,,,,"krenek_ernst"
"pe000472","Kress","Wilhelm Kress",,,,,,,,
"pe000473","Kretzschmar","Hermann Kretzschmar","Kretschmar",,,,,,,"kretzschmar_hermann"
"pe000474","Krill","Professor Krill",,,,,,,,
"pe000475","Kromer","Julius Kromer","Julo von Kromer","Julius Ritter von Kromer",,,,,,"kromer_julius_ritter"
"pe000476","Kröner","Adolf Kröner","Adolph","Kroener",,,,,,
"pe000982","Krupp","Gustav Krupp","Gustav von Bohlen",,,,,,,"krupp_gustav"
"pe000477","Kübler","Frau Kübler",,,,,,,,
"pe000478","Kudryk","Borys Kudryk",,,,,,,,
"pe000479","Kufferath","Maurice Kufferath",,,,,,,,"kufferath_maurice"
"pe000480","Kühlenthal","Alfred Kühlenthal",,,,,,,,
"pe000481","Kühlmann","Richard von Kühlmann",,,,,,,,
"pe000482","Kürnberger","Ferdinand Kürnberger",,,,,,,,
"pe000483","Kurth","Ernst Kurth",,,,,,,,"kurth_ernst"
"pe000484","Kurz","H. Kurz",,,,,,,,
"pe000485","Kusel","Kusel",,,,,,,,
"pe000486","Kux","Wilhelm Kux",,,,,,,,
"pe000487","Lachmann","Nina Lachmann",,,,,,,,
"pe000488","Lafite","Carl Lafite","Karl",,,,,,,"lafite_karl"
"pe000489","Lahusen","Christian Lahusen",,,,,,,,
"pe000490","Lamberg","Ernst Lamberg",,,,,,,,
"pe000491","Lamberg","Josef Lamberg",,,,,,,,
"pe000492","Lammasch","Heinrich Lammasch",,,,,,,,
"pe000493","Lamond","Frederick Lamond",,,,,,,,"lamond_frederick"
"pe000494","Landau","Heinrich Landau",,,,,,,,
"pe000495","Landowska","Wanda Landowska",,,,,,,,"landowska_wanda"
"pe000496","Landshoff","Ludwig Landshoff",,,,,,,,
"pe000497","Lange","Samuel de Lange","Samuel de Lange, jnr",,,,,,,"lange_samuel_de_jnr"
"pe000498","Langstroth","Langstroth",,,,,,,,
"pe000499","Lanner","Josef Lanner",,,,,,,,"lanner_josef"
"pe000500","Lanzer","Alfred Lanzer",,,,,,,,
"pe000501","Lechner","Otto Lechner",,,,,,,,"lechner_otto"
"pe000502","Léhar","Franz Léhar",,,,,,,,
"pe000503","Leibl","Leibl",,,,,,,,
"pe000504","Lemberger","Herr Lemberger",,,,,,,,"lemberger_herr"
"pe000505","Lenbach","Franz von Lenbach","Franz Seraph Lenbach",,,,,,,"lenbach_franz"
"pe000506","Lendvai","Erwin Lendvai",,,,,,,,
"pe000507","Lenin","Vladimir Lenin",,,,,,,,
"pe000508","Lenz","Wilhelm von Lenz",,,,,,,,
"pe000509","Leoncavallo","Ruggero Leoncavallo",,,,,,,,
"pe000510","Leonhardt","Carl Leonhardt",,,,,,,,
"pe000511","Leschetizky","Theodor Leschetizky","Theodore",,,,,,,"leschetizky_theodor"
"pe000512","Lessing","Gotthold Ephraim Lessing",,,,,,,,
"pe000513","Levi","Hermann Levi",,,,,,,,
"pe000514","Lichtenberg","Georg Christoph Lichtenberg",,,,,,,,
"pe000515","Liebscher","Artur Liebscher",,,,,,,,
"pe000516","Liebstöckl","Hans Liebstöckl","Liebstoeckl",,,,,,,"liebstockl_hans"
"pe000517","Lienau","Robert Lienau",,,,,,,,
"pe000518","Liepmannssohn","Leo Liepmannssohn","Liepmansohn",,,,,,,"liepmannssohn_leo"
"pe000519","Liliencron","Detlev von Liliencron",,,,,,,,
"pe000520","Linscherl","Frau Linscherl",,,,,,,,"linscherl_frau"
"pe000521","Liszt","Franz Liszt",,,,,,,,
"pe000522","Lloyd-George","David Lloyd-George",,,,,,,,"lloyd_george_david"
"pe000523","Loewe","Theodor Loewe","Löwe",,,,,,,
"pe000524","Loos","Adolf Loos",,,,,,,,
"pe000525","Lorenz","Adolf Lorenz","Professor Lorenz",,,,,,,"lorenz_adolf"
"pe000526","Lothar","Rudolf Lothar","Rudolph Lothar",,,,,,,
"pe000527","Loti","Pierre Loti",,,,,,,,
"pe000528","Louis","Rudolf Louis","Rodolph Louis",,,,,,,"louis_rudolf"
"pe000529","Löwe","Amalie Löwe","Loewe",,,,,,,
"pe000530","Löwe","Ferdinand Löwe","Loewe",,,,,,,"lowe_ferdinand"
"pe000531","Lublinski","Samuel Lublinski",,,,,,,,"lublinski_samuel"
"pe000532","Ludendorff","Erich Ludendorff",,,,,,,,"ludendorf_erich"
"pe000533","Ludwig","Ernst Ludwig",,,,,,,,"ludwig_ernst"
"pe000534","Ludwig","Frau Ludwig",,,,,,,,"ludwig_frau"
"pe000535","Ludwig","Oberleutnant Ludwig",,,,,,,,
"pe000536","Ludwig  XIV","Louis XIV",,,,,,,,"ludwig_xiv"
"pe000537","Luserke","Martin Luserke",,,,,,,,
"pe000538","Lytle","Victor Lytle","Victor Vaughn Lytle",,,,,,,"lytle_victor_vaughn"
"pe000539","Maag","Otto Maag",,,,,,,,
"pe000540","Mach","Ernst Mach",,,,,,,,
"pe000541","Mader","Prisca Maria Mader",,,,,,,,
"pe000542","Maeterlinck","Maurice Maeterlinck",,,,,,,,
"pe000543","Mahillon","Victor-Charles Mahillon",,,,,,,,
"pe000544","Mahler","Gustav Mahler",,,,,,,,"mahler_gustav"
"pe000545","Mahler","Mary Mahler",,,,,,,,
"pe000546","Mahling","Friedrich Mahling",,,,,,,,
"pe000547","Maiulik","Maiulik",,,,,,,,"maiulik"
"pe000548","Major","Herr Major",,,,,,,,"major_herr"
"pe000549","Makart","Hans Makart",,,,,,,,"makart_hans"
"pe000550","Mandyczewski","Eusebius Mandyczewski","Mandiczewsky","Mandiczewski",,,,,,"mandyczewski_eusebiu"
"pe000551","Mann","Thomas Mann",,,,,,,,
"pe000552","Marchet","Gustav Marchet",,,,,,,,"marchet_gustav"
"pe000553","Marcus","Otto Marcus",,,,,,,,
"pe000554","Marées","Johann Reinhard vonMarées","Hans Reinhard von Marées",,,,,,,"marees_johann"
"pe000555","Margulies","Dr. Margulies",,,,,,,,
"pe000556","Marienberg","Frau Marienberg",,,,,,,,"marienberg_frau"
"pe000557","Marienberg","Marcus Marienberg","Dr. Marcus Marienberg","Markus",,,,,,"marienberg_markus"
"pe000558","Marienberg","Sabine Marienberg",,,,,,,,"marienberg_sabine"
"pe000559","Markt","Hugo Markt",,,,,,,,"markt_hugo"
"pe000560","Marpurg","Friedrich Wilhelm Marpurg",,,,,,,,
"pe000561","Marschalk","Max Marschalk",,,,,,,,"marschalk_max"
"pe000562","Martin","Bernhard Martin",,,,,,,,
"pe000563","Martin","Martin",,,,,,,,
"pe000564","Marx","Adolf Bernhard Marx","Adolph Bernhard Marx",,,,,,,
"pe000565","Marx","Joseph Marx","Josef","Hofrat Marx",,,,,,"marx_joseph"
"pe000566","Marx","Karl Marx","Carl",,,,,,,"marx_karl"
"pe000567","Masaryk","Tomás Garrigue Masaryk",,,,,,,,"masaryk_tomas"
"pe000568","Massenet","Jules Massenet",,,,,,,,
"pe000569","Maurer","Maurer",,,,,,,,
"pe000570","Mayerhofer","Irene Mayerhofer","Irene Graedener","Grädener",,,,,,"mayerhofer_irene"
"pe000571","Mayerhofer","Robert Mayerhofer",,,,,,,,
"pe000572","Medek","Medek",,,,,,,,"medek"
"pe000573","Meinert","Carl Meinert",,,,,,,,"meinert_carl"
"pe000574","Meinert","Max Meinert",,,,,,,,
"pe000575","Meissner","Lorle Meissner","Meißner",,,,,,,
"pe000576","Mendel","Frau Mendel",,,,,,,,
"pe000577","Mendelssohn","Felix Mendelssohn","Felix Mendelssohn-Bartholdy",,,,,,,
"pe000578","Mendl","Fritz Mendl","Mendel",,,,,,,"mendl_fritz"
"pe000579","Mendl","Heinrich Mendl","Mendel",,,,,,,"mendl_heinrich"
"pe000580","Messchaert","Johannes Messchaert",,,,,,,,"messchaert_johannes"
"pe000581","Michaelis","Michaelis",,,,,,,,
"pe000582","Michaels","Frau Michaels",,,,,,,,
"pe000583","Michelson","Michelson",,,,,,,,
"pe000584","Mies","Paul Mies",,,,,,,,
"pe000585","Mikuli","Karol Mikuli",,,,,,,,"mikuli_karol"
"pe000586","Miller","L. Miller",,,,,,,,
"pe000587","Mittelmann","Aron Mittelmann","Aaron",,,,,,,"mittelmann_aaron"
"pe000588","Mittler","Franz Mittler"," ",,,,,,,
"pe000589","Mohr","Dr. Mohr",,,,,,,,
"pe000590","Molière","Molière",,,,,,,,
"pe000591","Moll","Carl Moll","Karl",,,,,,,
"pe000592","Mommsen","Theodor Mommsen",,,,,,,,
"pe000593","Mond","Mond",,,,,,,,
"pe000594","Mosbacher","Ludwig Mosbacher","Moosbacher",,,,,,,
"pe000983","Moscisker","Bernhard Moscisker","Mošcisker","Mosčisker",,,,,,"moscisker_bernhard"
"pe000595","Moscisker","Moscisker","Mošcisker","Mosčisker",,,,,,"moscisker"
"pe000596","Motta","José Vianna da Motta",,,,,,,,"motta_jose_vianna_da"
"pe000597","Mottl","Felix Mottl",,,,,,,,
"pe000598","Mozart","Leopold Mozart",,,,,,,,
"pe000599","Mozart","Wolfgang Amadeus Mozart",,,,,,,,
"pe000600","Muck","Karl Muck","Carl",,,,,,,"muck_carl"
"pe000601","Muller","Fritz Muller",,,,,,,,
"pe000602","Müller","Georg Müller",,,,,,,,
"pe000603","Müller","Hans Müller",,,,,,,,"muller_hans"
"pe000604","Müller","Paul Müller",,,,,,,,
"pe000605","Müller","Siegfried Fritz Müller",,,,,,,,
"pe000984","Müller-Hartmann","Robert Müller-Hartmann",,,,,,,,"muller-hartman_robert"
"pe000606","Nagel","Wilibald Nagel","Prof. Nagel",,,,,,,
"pe000607","Napoleon","Napoleon Bonaparte",,,,,,,,
"pe000608","Neff","L. Neff",,,,,,,,
"pe000609","Nestroy","Johann Nestroy",,,,,,,,
"pe000610","Neumann","Carl Neumann",,,,,,,,
"pe000611","Neumann","Fräulein Neumann",,,,,,,,
"pe000612","Neumann","Lotte Neumann",,,,,,,,
"pe000613","Newlov","Frau Newlov",,,,,,,,
"pe000614","Newlov","Fräulein Newlov",,,,,,,,
"pe000615","Ney","Elly Ney",,,,,,,,
"pe000616","Niemann","Walter Niemann",,,,,,,,"niemann_walter"
"pe000617","Nietzsche","Nietzsche",,,,,,,,
"pe000618","Niloff","Heinrich Schenker","Artur Niloff",,,,,,,"niloff_artur"
"pe000619","Nin","Joachím Nin",,,,,,,,"nin_joaquin"
"pe000620","Nitti","Francesco Saverio Nitti",,,,,,,,
"pe000621","Nolle","Hugo Nolle",,,,,,,,
"pe000622","Nottebohm","Gustav Nottebohm",,,,,,,,"nottebohm_gustav"
"pe000623","Nüll","Edwin von der Nüll",,,,,,,,
"pe000624","Ochs","Siegfried Ochs",,,,,,,,"ochs_siegfried"
"pe000625","Odelga","Freiherr von Odelga",,,,,,,,
"pe000626","Oesterreicher","Lisa Oesterreicher",,,,,,,,"oesterreicher_lisa"
"pe000627","Oesterwitz","Hermine Oesterwitz",,,,,,,,"oesterwitz_hermine"
"pe000628","Olschki","Leo S. Olschki",,,,,,,,
"pe000629","Oppel","Reinhard Oppel "," ",,,,,,,"oppel_reinhard"
"pe000630","Oppel","Ulrich Oppel",,,,,,,,
"pe000631","Orlando","Vittorio Emanuele Orlando",,,,,,,,"orlando_vittorio_edm"
"pe000632","Orlay","Dr. Orlay",,,,,,,,"orlay"
"pe000633","Ornstein","Christiane Ornstein",,,,,,,,
"pe000634","Osten","Heinrich Osten",,,,,,,,
"pe000635","Oster","Ernst Oster"," ",,,,,,,"oster_ernst"
"pe000985","Overbeck","Franz Camille Overbeck",,,,,,,,"overbeck_franz_camille"
"pe000636","Ovid","Ovid","Publius Ovidius Naso",,,,,,,
"pe000637","Paasche","Hermann Paasche",,,,,,,,"paasche_hermann"
"pe000638","Pacher","Michael Pacher",,,,,,,,"pacher_michael"
"pe000639","Paesar","Frieda A. Paesar",,,,,,,,
"pe000640","Pairamall","Evelina Pairamall"," ",,,,,,,"pairamall_evelina"
"pe000641","Papier-Paumgartner","Rosa Papier-Paumgartner","Rosa Papier",,,,,,,
"pe000642","Pasteur","Louis Pasteur",,,,,,,,
"pe000643","Patonay","Frau Patonay","Jenny Patonay",,,,,,,"patonay_frau"
"pe000644","Pauer","Max von Pauer",,,,,,,,"pauer_max_von"
"pe000645","Paul","Paul",,,,,,,,
"pe000646","Paumgartner","Bernhard Paumgartner","Dr. Paumgartner",,,,,,,"paumgartner_berhard"
"pe000647","Payer","Friedrich von Payer",,,,,,,,"payer_friedrich"
"pe000648","Pechaček","Fräulein Pechaček",,,,,,,,"pechacek_frl"
"pe000649","Pechaček","Herr Pechaček","Pechacek",,,,,,,"pechacek_herr"
"pe000650","Pechaček","Jenny Pechaček","Pechacek",,,,,,,"pechacek_jenny"
"pe000651","Pembaur","Josef Pembaur",,,,,,,,"pembaur_josef_jnr"
"pe000986","Perger","Richard Perger","Richard von Perger",,,,,,,"perger_richard_von"
"pe000652","Perl","Carl Johann Perl","Karl",,,,,,,
"pe000653","Perutz","Perutz",,,,,,,,
"pe000654","Pettenkofer","August von Pettenkofer",,,,,,,,"pettenkofer_august"
"pe000655","Pfohl","Ferdinand Pfohl",,,,,,,,"pfohl_ferdinand"
"pe000656","Pleyel","Pleyel",,,,,,,,
"pe000657","Poincaré","Raymond Poincaré",,,,,,,,"poincare_raymond"
"pe000658","Pollack","Robert Pollack","Pollak",,,,,,,"pollak_robert"
"pe000659","Pollak","Felix Pollak",,,,,,,,
"pe000660","Pollak","Frieda Pollak",,,,,,,,
"pe000661","Pollak","Karl Pollak",,,,,,,,
"pe000662","Popovici","Johann Popovici",,,,,,,,
"pe000663","Postberg","Wilhelm Postberg",,,,,,,,
"pe000664","Praetorius","Ernst Praetorius",,,,,,,,
"pe000665","Prohaska","Karl Prohaska",,,,,,,,"prohaska_karl"
"pe000666","Prunières","Henry Prunières","Henri",,,,,,,"prunieres_henry"
"pe000667","Pugno","Raoul Pugno",,,,,,,,"pugno_raoul"
"pe000668","Pullmann","Pullmann","Pallmann","Pollmann",,,,,,
"pe000669","Racine","Racine",,,,,,,,
"pe000670","Radi","Frau Radi","Frau Berl-Radi",,,,,,,"radi_frau"
"pe000671","Rapp","Gustav Rapp",,,,,,,,
"pe000672","Rathenau","Walter Rathenau",,,,,,,,"rathenau_walter"
"pe000673","Ratz","Hermann Ratz",,,,,,,,
"pe000674","Rebay","Ferdinand Rebay",,,,,,,,"rebay_ferdinand"
"pe000675","Redl","Alfred Redl",,,,,,,,"redl_alfred"
"pe000676","Redlich","Frau Redlich",,,,,,,,"redlich_frau"
"pe000677","Redlich","Friedrich Redlich",,,,,,,,"redlich_friedrich"
"pe000678","Reese","Gustave Reese",,,,,,,,"reese_gustave"
"pe000679","Reger","Max Reger",,,,,,,,"reger_max"
"pe000987","Reich","Elias Reich",,,,,,,,"reich_elias"
"pe000680","Reich","Willi Reich",,,,,,,,
"pe000681","Reichert","Ernst Reichert",,,,,,,,
"pe000682","Reichling","Reichling",,,,,,,,
"pe000683","Reif","Fräulein Reif",,,,,,,,
"pe000684","Reigerberg","Heinrich von Reigerberg","Reigersberg",,,,,,,
"pe000685","Reinecke","Carl Reinecke",,,,,,,,"reinecke_carl"
"pe000686","Reinhardt","Max Reinhardt",,,,,,,,
"pe000687","Reinhold","Hugo Reinhold",,,,,,,,"reinhold_hugo"
"pe000688","Renner","Karl Renner",,,,,,,,"renner_karl"
"pe000689","Réti","Rudolf Réti","Rudolph",,,,,,,"reti_rudolf"
"pe000690","Rettich","Prof. Rettich",,,,,,,,"rettich_professor"
"pe000691","Reynolds","Joshua Reynolds",,,,,,,,
"pe000692","Richier","Paul Richier",,,,,,,,"richier_paul"
"pe000693","Richthofen","Manfred Richthofen","Manfred Albrecht Freiherr von Richthofen",,,,,,,"richthofen_manfred"
"pe000694","Riedl","Herr Riedl",,,,,,,,
"pe000695","Riemann","Hugo Riemann",,,,,,,,"riemann_hugo"
"pe000696","Riesling","Elfi von Riesling",,,,,,,,
"pe000697","Riezler","Walter Riezler",,,,,,,,
"pe000698","Rilke","Rainer Maria Rilke",,,,,,,,
"pe000699","Rinn","A. Rinn",,,,,,,,
"pe000700","Rinn","Hermann Rinn",,,,,,,,"rinn_hermann"
"pe000701","Robert","Richard Robert","Rch. Robert",,,,,,,"robert_richard"
"pe000702","Robinraut","Hilde Robinraut","Rubinraut",,,,,,,
"pe000703","Robitschek","Adolf Robitschek",,,,,,,,"robitschek_adolf"
"pe000704","Rodin","Rodin",,,,,,,,
"pe000705","Rolland","Romain Rolland",,,,,,,,
"pe000706","Roller","Alfred Roller",,,,,,,,
"pe000707","Röntgen","Julius Röntgen","Roentgen",,,,,,,"rontgen_julius"
"pe000708","Rose","Rose",,,,,,,,
"pe000709","Rosé","Alexander Rosé",,,,,,,,
"pe000710","Rosé","Arnold Rosé","Arnold Josef Rosé","Rosenbaum",,,,,,"rose_arnold_rose_qua"
"pe000711","Rosé","Eduard Rosé","Rosenbaum",,,,,,,"eduard_rose_rosenbau"
"pe000712","Rosegger","Peter Rosegger",,,,,,,,"rosegger_peter"
"pe000713","Rosenfeld","Adolf Rosenfeld","Adolph",,,,,,,
"pe000714","Rosenthal","Felix Rosenthal","Dr. Felix Rosenthal",,,,,,,"rosenthal_felix"
"pe000715","Rosenthal","Moriz Rosenthal","Moritz",,,,,,,"rosenthal_moriz"
"pe000716","Rosmarin","Fräulein Rosmarin",,,,,,,,
"pe000717","Rosner","Karl Rosner",,,,,,,,
"pe000718","Roth","Ernst Roth",,,,,,,,"roth_ernst"
"pe000719","Roth","Frau Roth",,,,,,,,
"pe000720","Roth","Herman Roth",,,,,,,,"roth_herman"
"pe000721","Rothberger","Alfred Rothberger","Dr. Rothberger",,,,,,,"rothberger_alfred"
"pe000722","Rothberger","Hilda Rothberger","Hilde","Frau Rothberger",,,,,,"rothberger_hilda"
"pe000723","Rothberger","Karl Rothberger",,,,,,,,"rothberger_karl"
"pe000724","Rothe","Barbara Rothe","Fräulein Rothe","Bureau-Chefin",,,,,,"rothe_fraulein"
"pe000725","Rothschild","Clarice Sebag-Montefiori Rothschild","Baroness Rothschild","Baronin Rothschild",,,,,,
"pe000726","Rotschild","Alphons Mayer Rothschild","Alphonse","Baron Rothschild","Baron Alphons",,,,,"rothschild_alphons"
"pe000727","Rottenberg","Ludwig Rottenberg",,,,,,,,
"pe000728","Rottensteiner","Kati Rottensteiner",,,,,,,,
"pe000729","Rubinstein","Anton Rubinstein",,,,,,,,"rubinstein_anton"
"pe000730","Rückert","Friedrich Rückert",,,,,,,,
"pe000731","Rüdinger","Dr. Rüdinger",,,,,,,,"rudinger"
"pe000732","Rudorff","Elisabeth Rudorff",,,,,,,,
"pe000733","Rudorff","Ernst Friederich Karl Rudorff","Ernst Rudorff",,,,,,,"rudorff_ernst"
"pe000734","Sager","Frau Sager",,,,,,,,"sager_frau"
"pe000735","Salpeter","Dr. Salpeter",,,,,,,,
"pe000736","Salten","Felix Salten",,,,,,,,
"pe000737","Salzer","Felix Salzer","Dr. Salzer",,,,,,,"salzer_felix"
"pe000738","Sambeth","H. M. Sambeth ",,,,,,,,
"pe000739","Saphir","Josef Saphir",,,,,,,,"saphir_josef"
"pe000740","Saphir","Mathilde Saphir",,,,,,,,"saphir_mathilde"
"pe000741","Saphir","Richard Saphir",,,,,,,,"saphir_richard"
"pe000742","Sauer","Emil Sauer","Emil von Sauer",,,,,,,"sauer_emil"
"pe000743","Scarlatti","Domenico Scarlatti",,,,,,,,
"pe000744","Schaab","Schaab","Fräulein Schaab",,,,,,,"schaab"
"pe000745","Schaijker","Erich Schaijker",,,,,,,,
"pe000746","Schalk","Franz Schalk",,,,,,,,"schalk_franz"
"pe000747","Scheibler","Ludwig Scheibler",,,,,,,,"scheibler_ludwig"
"pe000748","Scheidemann","Philipp Scheidemann",,,,,,,,
"pe000988","Schenker","Anton Schenker",,,,,,,,"schenker_anton"
"pe000749","Schenker","Dodi Schenker","Dorothea",,,,,,,"schenker_dodi"
"pe000750","Schenker","Frieda Schenker","Friedl Schenker",,,,,,,
"pe000751","Schenker","Georg Schenker",,,,,,,,
"pe000752","Schenker","Hans Schenker",,,,,,,,
"pe000753","Schenker","Jeaneth Schenker","Jeanette","Jeaneth Kornfeld","Jenny Kornfeld","Lie-Lie","Lie-Liechen","Liecherl","Jeaneth Schiff","schenker_jeanette"
"pe000754","Schenker","Johann Schenker",,,,,,,,"schenker_johann"
"pe000755","Schenker","Julia Schenker","Mami","Mama",,,,,,"schenker_julia"
"pe000756","Schenker","Moritz Schenker","Moriz","Maurice","Moses","Mozio",,,,"schenker_moriz"
"pe000757","Schenker","Wilhelm Schenker",,,,,,,,"schenker_wilhelm"
"pe000758","Schenner","Wilhelm Schenner",,,,,,,,
"pe000759","Scherber","Ferdinand Scherber",,,,,,,,
"pe000760","Schereschewsky","Fräulein Schereschewsky",,,,,,,,"schereschewsky_frl"
"pe000761","Scheuer","Dr. Scheuer",,,,,,,,
"pe000762","Schiedermair","Ludwig Schiedermair",,,,,,,,"schiedermair_ludwig"
"pe000763","Schiff","Anna Schiff",,,,,,,,"schiff_anna"
"pe000764","Schiff","Paul Schiff",,,,,,,,"schiff_paul"
"pe000765","Schiff","Victor Schiff","Viktor",,,,,,,
"pe000766","Schiller","Friedrich von Schiller","Friedrich Schiller",,,,,,,
"pe000767","Schilling","Gustav Schilling",,,,,,,,"schilling_gustav"
"pe000768","Schirmer","G. Schirmer",,,,,,,,
"pe000769","Schlesinger","Schlesinger",,,,,,,,
"pe000770","Schmid","Ernst Schmid",,,,,,,,
"pe000771","Schmid","Theodor Karl Schmid",,,,,,,,
"pe000772","Schmidt","Arthur+C816 Schmidt",,,,,,,,
"pe000773","Schmidt","Ferdinand August Schmidt",,,,,,,,
"pe000774","Schmidt","Franz Schmidt",,,,,,,,"schmidt_franz"
"pe000775","Schmitz","Eugen Schmitz",,,,,,,,"schmitz_eugen"
"pe000776","Schnabel","Artur Schnabel",,,,,,,,"schnabel_artur"
"pe000777","Schneider","Max Schneider",,,,,,,,
"pe000778","Schneider-Grünzweig","Marie Schneider-Grünzweig",,,,,,,,"schneider-grunzweig"
"pe000779","Schnitzler","Artur Schnitzler",,,,,,,,
"pe000780","Schoenberg","Arnold Schoenberg","Schönberg",,,,,,,"schoenberg_arnold"
"pe000781","Schopenhauer","Arthur Schopenhauer",,,,,,,,
"pe000782","Schrader","Bruno Schrader",,,,,,,,"schrader_bruno"
"pe000783","Schreier","Schreier",,,,,,,,
"pe000784","Schreker","Franz Schreker",,,,,,,,"schreker_franz"
"pe000785","Schubert","Franz Schubert","Franz Peter Schubert",,,,,,,
"pe000786","Schubert","Karl Schubert",,,,,,,,
"pe000787","Schuchard","H. Schuchard",,,,,,,,
"pe000788","Schuler","Walter Schuler",,,,,,,,"schuler_walter"
"pe000789","Schultz","Detlev Schultz",,,,,,,,
"pe000790","Schumann","Robert Schumann",,,,,,,,
"pe000791","Schünemann","Georg Schünemann",,,,,,,,"schunemann_georg"
"pe000792","Schuster","Bernhard Schuster",,,,,,,,
"pe000793","Schustermann","Adolf Schustermann",,,,,,,,
"pe000794","Schütt","Eduard Schütt",,,,,,,,
"pe000795","Schwartz","Friedrich Schwartz","Schwarz",,,,,,,"schwarz_friedrich"
"pe000796","Schweitzer","Albert Schweitzer",,,,,,,,"schweitzer_albert"
"pe000797","Schwers","Paul Schwers",,,,,,,,
"pe000798","Seidler von Feuchtenegg","Ernst Seidler von Feuchtenegg",,,,,,,,
"pe000799","Seidmann","Bernard Seidmann",,,,,,,,"seidmann_bernhard"
"pe000800","Selig","Fräulein Selig",,,,,,,,"selig_fraulein"
"pe000801","Seligmann","Adalbert Franz Seligmann",,,,,,,,"seligmann_adalbert"
"pe000802","Sembrich","Marcella Sembrich",,,,,,,,
"pe000803","Seuffert","Eduard Seuffert",,,,,,,,"seuffert_eduard"
"pe000804","Sevcik","Ottokar Sevcik",,,,,,,,
"pe000805","Shakespeare","William Shakespeare",,,,,,,,
"pe000806","Shaw","George Bernard Shaw",,,,,,,,
"pe000807","Siebenlist","Ottilie Siebenlist",,,,,,,,
"pe000808","Siemens","Georg Siemens","George von Siemens",,,,,,,"siemens_georg"
"pe000809","Singer","J. Singer",,,,,,,,
"pe000810","Siroky","Dr. Siroki","Syroki",,,,,,,
"pe000811","Sixt","Sixt",,,,,,,,
"pe000989","Sixtus","Sixtus Ferdinand","Prince Sixtus Ferdinand of Bourbon-Parma",,,,,,,"sixtus_ferdinand_of"
"pe000812","Skrovonec","Skrovonec",,,,,,,,
"pe000813","Slater","Jean Slater",,,,,,,,
"pe000814","Smetana","Bedřich Smetana","Bedrich",,,,,,,
"pe000815","Soebs-Brünauer","Ida Soebs-Brünauer",,,,,,,,
"pe000816","Sokrates","Socrates",,,,,,,,
"pe000817","Solf","Wilhelm H. Solf",,,,,,,,
"pe000818","Sonnino","Sidney Sonnino","Baron Sidney Costantino Sonnino",,,,,,,"sonnino_sidney"
"pe000819","Specht","Richard Specht",,,,,,,,"specht_richard"
"pe000820","Spiegler","Albert Spiegler",,,,,,,,
"pe000821","Spiegler","Hans Spiegler",,,,,,,,"spiegler_hans"
"pe000822","Spiegler","Nina Spiegler",,,,,,,,
"pe000823","Spinoza","Spinoza",,,,,,,,
"pe000824","Spitta","Julius August Philipp Spitta","Philipp Spitta",,,,,,,
"pe000825","Spohr","Louis Spohr",,,,,,,,
"pe000826","Srb-Debrnov","Josef Srb-Debrnov",,,,,,,,
"pe000827","Stahl","Albert Stahl",,,,,,,,
"pe000828","Stauber","Paul Stauber",,,,,,,,"stauber_paul"
"pe000829","Steger","Heinrich Steger",,,,,,,,
"pe000830","Steglich","Rudolf Steglich","Rudolph",,,,,,,"steglich_rudolf"
"pe000831","Stein","Bertold Stein",,,,,,,,
"pe000832","Stein","Fritz Stein",,,,,,,,"stein_fritz"
"pe000833","Steiner","Franz Steiner",,,,,,,,"steiner_franz"
"pe000834","Steingräber","Steingräber",,,,,,,,
"pe000835","Steinhoff","Elisabeth Steinhoff",,,,,,,,
"pe000836","Steinitz","Dr. Steinitz",,,,,,,,"steinitz_dr"
"pe000837","Stern","Alfred Stern",,,,,,,,
"pe000838","Sternfeld","Richard Sternfeld",,,,,,,,
"pe000839","Sternheim","Carl Sternheim",,,,,,,,"sternheim_carl"
"pe000840","Stiassny","Wilhelm Stiassny",,,,,,,,"stiassny_wilhelm"
"pe000841","Stifter","Adalbert Stifter",,,,,,,,
"pe000842","Stirling","Frau Stirling",,,,,,,,"stirling_mrs"
"pe000843","Stirner","Max Stirner",,,,,,,,
"pe000844","Stocker","Fritz Stocker",,,,,,,,
"pe000845","Stöhr","Richard Stöhr",,,,,,,,"stohr_richard"
"pe000846","Stransky","Erwin Stransky",,,,,,,,"stransky_erwin"
"pe000847","Straube","Karl Straube","Professor Straube",,,,,,,"straube_karl"
"pe000848","Strauss","Frau Strauss","Strauß",,,,,,,
"pe000849","Strauß","Johann Strauß (father)",,,,,,,,"strauss_johann_fathe"
"pe000850","Strauss","Johann Strauss (son)","Strauß",,,,,,,"strauss_johann_young"
"pe000851","Strauss","Joseph Strauss","Strauß",,,,,,,"strauss_josef"
"pe000852","Strauss","Richard Strauss","Strauß","Richard Georg Strauss",,,,,,
"pe000853","Streicher","Theodor Streicher",,,,,,,,
"pe000854","Stresemann","Gustav Stresemann",,,,,,,,
"pe000855","Strindberg","August Strindberg",,,,,,,,"strindberg_august"
"pe000856","Stritzko","Josef Stritzko",,,,,,,,"stritzko_joseph"
"pe000857","Stuckenschmidt","Hans Heinz Stuckenschmidt",,,,,,,,
"pe000858","Stürgkh","Karl Stürgkh","Karl Graf von Stürgkh",,,,,,,"sturgkh_karl"
"pe000859","Szalit","Paula Szalit","Paula Schalit",,,,,,,
"pe000860","Tandler","Prof. Tandler",,,,,,,,
"pe000861","Tausig","Carl Tausig",,,,,,,,
"pe000862","Tearsheet","Doll Tearsheet",,,,,,,,
"pe000863","Tedesko","Salo Tedesko",,,,,,,,
"pe000864","Telemann","Georg Philipp Telemann",,,,,,,,
"pe000865","Temming","Max Temming",,,,,,,,"temming_max"
"pe000866","Terry","Charles Sanford Terry",,,,,,,,"terry_charles_sanfor"
"pe000867","Tetzel","Eugen Tetzel",,,,,,,,
"pe000868","Thern","Louis Thern",,,,,,,,"thern_louis"
"pe000869","Thuille","Ludwig Thuille",,,,,,,,
"pe000990","Tirpitz","Alfred von Tirpitz",,,,,,,,"tirpitz_alfred_von"
"pe000870","Tisza","István Tisza","István Tisza von Borosjenö et Szeged",,,,,,,
"pe000871","Toifl","Hans Toifl",,,,,,,,
"pe000872","Tolstoy","Leo Tolstoy",,,,,,,,
"pe000873","Tölz","Tölz",,,,,,,,
"pe000874","Tomay","Georg Tomay",,,,,,,,
"pe000875","Tonschl","Tonschl",,,,,,,,
"pe000876","Tovey","Donald Francis Tovey",,,,,,,,"tovey_donald_francis"
"pe000877","Trebitsch","Artur Trebitsch",,,,,,,,"trebitsch_artur"
"pe000992","Treitschke","Heinrich Treitschke",,,,,,,,"treitschke_heinrich"
"pe000878","Trotsky","Leon Trotsky","Trotski",,,,,,,"trotsky"
"pe000879","Tschaikowsky","Peter Iljitsch Tchaikowsky","Pyotr Il'yich ","Tchaikovsky",,,,,,
"pe000880","Tschirch","Emil Tschirch",,,,,,,,
"pe000881","Türkel","Siegfried Türkel","Siegfried Tuerkl",,,,,,,"turkel_siegfried"
"pe000882","Türtscher","Adolf Türtscher","Adolph Türtscher",,,,,,,
"pe000883","Ullmann","Nina Ullmann",,,,,,,,
"pe000884","Ullreich","M. Ullreich",,,,,,,,
"pe000885","Ungar","Fritz Ungar",,,,,,,,
"pe000886","Violin","Carl Raphael Violin",,,,,,,,
"pe000887","Violin","Eduard Violin",,,,,,,,"violin_eduard"
"pe000888","Violin","Fanny Violin",,,,,,,,"violin_fanny"
"pe000889","Violin","Frau Dr. Violin",,,,,,,,"violin_frau"
"pe000890","Violin","Genovefa Violin","Eva","Everl",,,,,,"violin_genovefa"
"pe000891","Violin","Karl Violin","Carl Violin","Carli",,,,,,"violin_karl"
"pe000892","Violin","Moriz Violin","Moritz Violin","Floriz","Florizello","Fiorello",,,,"violin_moriz"
"pe000893","Violin","Valerie Violin","Wally","Vally","Frau Wally",,,,,"violin_valerie"
"pe000894","Volk","Volk",,,,,,,,
"pe000895","Voltaire","Voltaire",,,,,,,,
"pe000896","Voraus","Grete Voraus",,,,,,,,
"pe000897","Vornkeller","Maja Vornkeller",,,,,,,,
"pe000898","Voss","Erich Voss","Voß",,,,,,,
"pe000899","Voss","Johann Heinrich Voss","Voß",,,,,,,
"pe000900","Vrieslander","Helene Vrieslander",,,,,,,,
"pe000901","Vrieslander","Otto Vrieslander"," ",,,,,,,"vrieslander_otto"
"pe000902","Waechter","Eberhard Waechter","Baron Eberhard Waechter","Wächter",,,,,,"wachter_eberhard_von"
"pe000903","Wagner","Richard Wagner",,,,,,,,
"pe000904","Wahle","Fritz Wahle",,,,,,,,"wahle_fritz"
"pe000905","Wahle","Richard Wahle",,,,,,,,"wahle_richard"
"pe000906","Waldeck","Arthur Waldeck",,,,,,,,"waldeck_arthur"
"pe000907","Waldmüller","Ferdinand Georg Waldmüller",,,,,,,,"waldmuller_ferdinand"
"pe000908","Walter","Bruno Walter",,,,,,,,"walter_bruno"
"pe000909","Waltershausen","Hermann Wolfgang Sartorius Walterhausen",,,,,,,,"waltershausen_herman"
"pe000910","Waltershausen","Philippine von Waltershausen",,,,,,,,
"pe000911","Wanek","Marlies Wanek",,,,,,,,
"pe000912","Wanner","Frau Wanner",,,,,,,,"wanner_frau"
"pe000913","Warburg","Gerald F. Warburg",,,,,,,,"warburg_gerald_f"
"pe000914","Washington","George Washington",,,,,,,,"washington_george"
"pe000915","Wassermann","Jakob Wassermann",,,,,,,,"wasserman_jakob"
"pe000916","Weber","Carl Maria Weber",,,,,,,,
"pe000917","Wedekind","Frank Wedekind",,,,,,,,
"pe000918","Wedge","George A. Wedge",,,,,,,,"wedge_george_a"
"pe000919","Weigl","Karl Weigl","Carl",,,,,,,"weigl_karl"
"pe000920","Weigl","Valerie Weigl","Vally","Wally",,,,,,"weigl_vally"
"pe000921","Weil","Alexander Weil",,,,,,,,"weil_alexander"
"pe000922","Weil","Arnold Weil",,,,,,,,
"pe000923","Weil","Rosa Weil","Rosa Schiff",,,,,,,
"pe000924","Weilen","Alexander von Weilen","Ritter von Weilen",,,,,,,
"pe000925","Weinberger","Josef Weinberger","Weinberger, Joseph",,,,,,,
"pe000926","Weingarten","Paul Weingarten",,,,,,,,"weingarten_paul"
"pe000927","Weingartner","Felix Weingartner",,,,,,,,"weingartner_felix"
"pe000928","Weisse","Adolf Weisse","Adolph",,,,,,,"weisse_adolf"
"pe000929","Weisse","Frau Weisse",,,,,,,,"weisse_frau"
"pe000930","Weisse","Hans Weisse"," Weiße",,,,,,,"weisse_hans"
"pe000931","Weisse","Hertha Weisse",,,,,,,,
"pe000932","Weissgürber","Weissgürber",,,,,,,,
"pe000933","Weiss-Hausleithner","Tity Weiss-Hausleithner",,,,,,,,
"pe000934","Wellesz","Egon Wellesz","Dr. Egon Wellesz",,,,,,,"wellesz_egon"
"pe000935","Wells","H. G. Wells",,,,,,,,
"pe000936","Wengraf","Edmund Wengraf",,,,,,,,
"pe000937","Werfel","Franz Werfel",,,,,,,,"werfel_franz"
"pe000938","Werker","Wilhelm Werker",,,,,,,,
"pe000939","Wetzel","Hermann Wetzel",,,,,,,,
"pe000940","Wiener","Carl von Wiener","Karl","Dr. Karl von Wiener","Hofrat Wiener","Hofrath Wiener",,,,"wiener_dr_karl_von"
"pe000941","Wildgans","Anton Wildgans",,,,,,,,
"pe000942","Wilhelm II","Wilhelm II","Kaiser Wilhelm II","Friedrich Wilhelm Viktor Albert von Preussen",,,,,,"wilhelm_ii_kaiser"
"pe000943","Willfort","Manfred Willfort","Willi",,,,,,,
"pe000944","Wilson","Edith Bolling Gat Wilson",,,,,,,,"wilson_edith_bolling"
"pe000945","Wilson","Woodrow Wilson",,,,,,,,"wilson_woodrow"
"pe000946","Winkler","O. Winkler",,,,,,,,
"pe000947","Winter","Hugo Winter",,,,,,,,"winter_hugo"
"pe000948","Wirth","Karl Joseph Wirth",,,,,,,,
"pe000949","Wittgenstein","Leopoldine Wittgenstein","Poldi",,,,,,,"wittgenstein_leopold"
"pe000950","Wittgenstein","Paul Wittgenstein",,,,,,,,"wittgenstein_paul"
"pe000951","Wolf","Ernst Wolf",,,,,,,,
"pe000952","Wolf","Hans Wolf",,,,,,,,"wolf_hans"
"pe000953","Wolf","Hugo Wolf",,,,,,,,
"pe000954","Wolfart","Lina Wolfart",,,,,,,,
"pe000955","Wolff","Hermann Wolf",,,,,,,,
"pe000956","Wolfrum","Philipp Wolfrum",,,,,,,,"wolfrum_philipp"
"pe000957","Wolters","Rosa Wolters",,,,,,,,
"pe000958","Wöss","Josef Venantius von Wöss","Wöß","Weß","Wess",,,,,"woss_josef_venantius"
"pe000959","Wotquenne","Alfred Wotquenne",,,,,,,,"wotquenne"
"pe000960","Wührer","Konrad Wührer",,,,,,,,
"pe000961","Wüllner","Ludwig Wüllner",,,,,,,,
"pe000962","Wunsch","Hermann Wunsch",,,,,,,,"wunsch_hermann"
"pe000963","Wurmbrand","Ernst Wurmbrand",,,,,,,,
"pe000964","Wustmann","Gustav Wustmann",,,,,,,,"wustmann_gustav"
"pe000965","Zola","Emil Zola",,,,,,,,
"pe000966","Zollner","Otto Zollner",,,,,,,,
"pe000967","Zuckerkandl","Otto Zuckerkandl",,,,,,,,"zuckerkandl_otto"
"pe000968","Zuckerkandl","Viktor Zuckerkandl","Victor"," ",,,,,,"zuckerkandl_viktor"
"pe000969","Zumsteeg","G. Zumsteeg",,,,,,,,
"pe000970","Zweig","Stefan Zweig","Stephan",,,,,,,
"pe000971","Zwissler","I. Zwissler",,,,,,,,
"pe000993","Edward","Edward VII","King Edward VII",,,,,,,"edward_vii_king"
"pe000994","Hartwig","Nicholas Hartwig",,,,,,,,"hartwig_nicholas"
"pe000995","Izvolsky","Alexander Izvolsky","Alexander Izwolsky",,,,,,,"izvolsky_alexander"
"pe000996","Franck","César Franck","César-Auguste-Jean-Guillaume-Hubert Franck",,,,,,,
"pe000997","Mussorgsky","Mussorgsky","Modest Mussorgsky","Modest Petrovich Mussorgsky","Mussorgski",,,,,
"pe000998","Rossini","Gioachino Rossini","Gioachino Antonio Rossini",,,,,,,
